   0.00000,    1.96960,   -0.03209
   0.00005,    1.96960,    0.01324
   0.00010,    1.96960,    0.01324
   0.00015,    1.96960,    0.01324
   0.00020,    1.96960,    0.01324
   0.00025,    1.96960,    0.05856
   0.00030,    1.96960,    0.10389
   0.00035,    1.96960,    0.10389
   0.00040,    1.96960,    0.14922
   0.00045,    2.01412,    0.14922
   0.00050,    1.96960,    0.19455
   0.00055,    1.96960,    0.19455
   0.00060,    1.96960,    0.19455
   0.00065,    1.96960,    0.23988
   0.00070,    1.96960,    0.28521
   0.00075,    1.96960,    0.28521
   0.00080,    1.96960,    0.33054
   0.00085,    1.96960,    0.33054
   0.00090,    2.01412,    0.37587
   0.00095,    1.96960,    0.37587
   0.00100,    1.96960,    0.42120
   0.00105,    1.96960,    0.42120
   0.00110,    1.96960,    0.46652
   0.00115,    1.96960,    0.46652
   0.00120,    1.96960,    0.51185
   0.00125,    1.96960,    0.51185
   0.00130,    1.96960,    0.55718
   0.00135,    1.96960,    0.55718
   0.00140,    1.96960,    0.60251
   0.00145,    1.96960,    0.60251
   0.00150,    1.96960,    0.60251
   0.00155,    1.96960,    0.64784
   0.00160,    1.96960,    0.69317
   0.00165,    1.96960,    0.69317
   0.00170,    1.96960,    0.69317
   0.00175,    1.96960,    0.69317
   0.00180,    1.96960,    0.73850
   0.00185,    1.96960,    0.73850
   0.00190,    1.96960,    0.73850
   0.00195,    1.96960,    0.78383
   0.00200,    1.96960,    0.78383
   0.00205,    1.96960,    0.82915
   0.00210,    1.96960,    0.82915
   0.00215,    1.96960,    0.87448
   0.00220,    1.96960,    0.87448
   0.00225,    1.96960,    0.87448
   0.00230,    1.96960,    0.91981
   0.00235,    1.96960,    0.96514
   0.00240,    1.96960,    0.91981
   0.00245,    1.96960,    0.96514
   0.00250,    1.96960,    0.96514
   0.00255,    1.96960,    1.01047
   0.00260,    1.96960,    1.01047
   0.00265,    1.96960,    1.01047
   0.00270,    1.96960,    1.01047
   0.00275,    1.96960,    1.05580
   0.00280,    1.96960,    1.05580
   0.00285,    1.96960,    1.10113
   0.00290,    1.96960,    1.10113
   0.00295,    1.96960,    1.10113
   0.00300,    1.96960,    1.10113
   0.00305,    1.96960,    1.14646
   0.00310,    1.96960,    1.14646
   0.00315,    1.96960,    1.14646
   0.00320,    1.96960,    1.19178
   0.00325,    1.96960,    1.19178
   0.00330,    1.96960,    1.19178
   0.00335,    1.96960,    1.23711
   0.00340,    1.96960,    1.23711
   0.00345,    1.96960,    1.23711
   0.00350,    1.96960,    1.28244
   0.00355,    1.96960,    1.23711
   0.00360,    1.96960,    1.28244
   0.00365,    1.96960,    1.28244
   0.00370,    1.96960,    1.28244
   0.00375,    1.96960,    1.32777
   0.00380,    1.96960,    1.28244
   0.00385,    1.96960,    1.28244
   0.00390,    1.96960,    1.28244
   0.00395,    1.96960,    1.32777
   0.00400,    1.96960,    1.32777
   0.00405,    1.96960,    1.37310
   0.00410,    1.96960,    1.32777
   0.00415,    1.96960,    1.32777
   0.00420,    1.96960,    1.37310
   0.00425,    1.96960,    1.37310
   0.00430,    1.96960,    1.37310
   0.00435,    1.96960,    1.37310
   0.00440,    1.96960,    1.37310
   0.00445,    2.01412,    1.41843
   0.00450,    1.96960,    1.37310
   0.00455,    1.96960,    1.41843
   0.00460,    1.96960,    1.41843
   0.00465,    1.96960,    1.41843
   0.00470,    1.96960,    1.41843
   0.00475,    1.96960,    1.41843
   0.00480,    1.96960,    1.41843
   0.00485,    1.96960,    1.41843
   0.00490,    1.96960,    1.41843
   0.00495,    1.96960,    1.41843
   0.00500,    1.96960,    1.46376
   0.00505,    1.96960,    1.46376
   0.00510,    1.96960,    1.46376
   0.00515,    1.96960,    1.41843
   0.00520,    1.96960,    1.41843
   0.00525,    1.96960,    1.46376
   0.00530,    1.96960,    1.41843
   0.00535,    1.96960,    1.41843
   0.00540,    1.96960,    1.41843
   0.00545,    1.96960,    1.41843
   0.00550,    2.01412,    1.41843
   0.00555,    1.96960,    1.41843
   0.00560,    1.96960,    1.41843
   0.00565,    1.96960,    1.37310
   0.00570,    1.96960,    1.37310
   0.00575,    1.96960,    1.41843
   0.00580,    1.96960,    1.37310
   0.00585,    1.96960,    1.37310
   0.00590,    1.96960,    1.37310
   0.00595,    1.96960,    1.37310
   0.00600,    1.96960,    1.37310
   0.00605,    1.96960,    1.37310
   0.00610,    1.96960,    1.37310
   0.00615,    1.96960,    1.37310
   0.00620,    1.96960,    1.32777
   0.00625,    1.96960,    1.32777
   0.00630,    1.96960,    1.32777
   0.00635,    1.96960,    1.32777
   0.00640,    1.96960,    1.28244
   0.00645,    1.96960,    1.32777
   0.00650,    1.96960,    1.32777
   0.00655,    1.96960,    1.28244
   0.00660,    1.96960,    1.28244
   0.00665,    1.96960,    1.28244
   0.00670,    1.96960,    1.28244
   0.00675,    1.96960,    1.23711
   0.00680,    0.01068,    1.23711
   0.00685,    0.01068,    1.23711
   0.00690,    0.01068,    1.23711
   0.00695,   -0.03384,    1.19178
   0.00700,    0.01068,    1.19178
   0.00705,    0.01068,    1.19178
   0.00710,    0.01068,    1.19178
   0.00715,    0.01068,    1.14646
   0.00720,   -0.03384,    1.14646
   0.00725,    0.01068,    1.10113
   0.00730,    0.01068,    1.10113
   0.00735,    0.01068,    1.10113
   0.00740,    0.01068,    1.10113
   0.00745,    0.01068,    1.10113
   0.00750,    0.01068,    1.05580
   0.00755,    0.01068,    1.05580
   0.00760,    0.01068,    1.01047
   0.00765,    0.01068,    1.01047
   0.00770,    0.01068,    1.01047
   0.00775,    0.01068,    0.96514
   0.00780,    0.01068,    0.96514
   0.00785,    0.01068,    0.91981
   0.00790,    0.01068,    0.91981
   0.00795,    0.01068,    0.91981
   0.00800,    0.01068,    0.91981
   0.00805,    0.01068,    0.87448
   0.00810,    0.01068,    0.87448
   0.00815,    0.01068,    0.82915
   0.00820,    0.01068,    0.82915
   0.00825,    0.01068,    0.82915
   0.00830,    0.01068,    0.78383
   0.00835,    0.01068,    0.78383
   0.00840,    0.01068,    0.73850
   0.00845,   -0.03384,    0.73850
   0.00850,    0.01068,    0.73850
   0.00855,    0.01068,    0.69317
   0.00860,    0.01068,    0.69317
   0.00865,    0.01068,    0.64784
   0.00870,   -0.03384,    0.64784
   0.00875,    0.01068,    0.64784
   0.00880,    0.01068,    0.60251
   0.00885,    0.01068,    0.60251
   0.00890,    0.01068,    0.55718
   0.00895,    0.01068,    0.55718
   0.00900,    0.01068,    0.55718
   0.00905,   -0.03384,    0.51185
   0.00910,    0.01068,    0.46652
   0.00915,   -0.03384,    0.46652
   0.00920,    0.01068,    0.46652
   0.00925,    0.01068,    0.37587
   0.00930,    0.01068,    0.37587
   0.00935,    0.01068,    0.37587
   0.00940,    0.01068,    0.33054
   0.00945,    0.01068,    0.33054
   0.00950,    0.01068,    0.28521
   0.00955,   -0.03384,    0.28521
   0.00960,    0.01068,    0.23988
   0.00965,    0.01068,    0.19455
   0.00970,    0.01068,    0.23988
   0.00975,    0.01068,    0.19455
   0.00980,   -0.03384,    0.19455
   0.00985,    0.01068,    0.14922
   0.00990,    0.01068,    0.10389
   0.00995,    0.01068,    0.10389
   0.01000,    0.01068,    0.05856
   0.01005,    0.01068,    0.05856
   0.01010,    0.01068,    0.01324
   0.01015,    0.01068,    0.01324
   0.01020,    0.01068,    0.01324
   0.01025,    0.01068,   -0.03209
   0.01030,    0.01068,   -0.03209
   0.01035,    0.01068,   -0.07742
   0.01040,    0.01068,   -0.07742
   0.01045,    0.01068,   -0.12275
   0.01050,    0.01068,   -0.12275
   0.01055,    0.01068,   -0.16808
   0.01060,    0.01068,   -0.16808
   0.01065,    0.01068,   -0.16808
   0.01070,   -0.03384,   -0.21341
   0.01075,   -0.03384,   -0.25874
   0.01080,   -0.03384,   -0.25874
   0.01085,    0.01068,   -0.30407
   0.01090,    0.01068,   -0.34939
   0.01095,    0.01068,   -0.34939
   0.01100,    0.01068,   -0.34939
   0.01105,    0.01068,   -0.34939
   0.01110,    0.01068,   -0.39472
   0.01115,    0.01068,   -0.44005
   0.01120,    0.01068,   -0.44005
   0.01125,    0.01068,   -0.44005
   0.01130,    0.01068,   -0.48538
   0.01135,    0.01068,   -0.48538
   0.01140,    0.01068,   -0.53071
   0.01145,    0.01068,   -0.53071
   0.01150,   -0.03384,   -0.57604
   0.01155,    0.01068,   -0.62137
   0.01160,    0.01068,   -0.62137
   0.01165,    0.01068,   -0.62137
   0.01170,    0.01068,   -0.71202
   0.01175,    0.01068,   -0.71202
   0.01180,   -0.03384,   -0.71202
   0.01185,    0.01068,   -0.71202
   0.01190,    0.01068,   -0.71202
   0.01195,    0.01068,   -0.75735
   0.01200,    0.01068,   -0.75735
   0.01205,    0.01068,   -0.80268
   0.01210,    0.01068,   -0.80268
   0.01215,   -0.03384,   -0.80268
   0.01220,    0.01068,   -0.84801
   0.01225,    0.01068,   -0.84801
   0.01230,    0.01068,   -0.89334
   0.01235,    0.01068,   -0.89334
   0.01240,    0.01068,   -0.89334
   0.01245,    0.01068,   -0.93867
   0.01250,   -0.03384,   -0.93867
   0.01255,    0.01068,   -0.98400
   0.01260,   -0.03384,   -0.98400
   0.01265,   -0.03384,   -1.02933
   0.01270,   -0.03384,   -1.02933
   0.01275,    0.01068,   -1.07466
   0.01280,    0.01068,   -1.07466
   0.01285,    0.01068,   -1.07466
   0.01290,    0.01068,   -1.07466
   0.01295,   -0.03384,   -1.07466
   0.01300,    0.01068,   -1.07466
   0.01305,    0.01068,   -1.11998
   0.01310,    0.01068,   -1.11998
   0.01315,    0.01068,   -1.11998
   0.01320,   -0.03384,   -1.16531
   0.01325,    0.01068,   -1.16531
   0.01330,   -0.03384,   -1.16531
   0.01335,    0.01068,   -1.21064
   0.01340,    0.01068,   -1.21064
   0.01345,    0.01068,   -1.21064
   0.01350,    0.01068,   -1.25597
   0.01355,    0.01068,   -1.25597
   0.01360,    0.01068,   -1.25597
   0.01365,   -0.03384,   -1.25597
   0.01370,    0.01068,   -1.25597
   0.01375,    0.01068,   -1.25597
   0.01380,    0.01068,   -1.25597
   0.01385,   -0.03384,   -1.30130
   0.01390,    0.01068,   -1.30130
   0.01395,   -0.03384,   -1.34663
   0.01400,   -0.03384,   -1.30130
   0.01405,    0.01068,   -1.34663
   0.01410,   -0.03384,   -1.34663
   0.01415,    0.01068,   -1.34663
   0.01420,    0.01068,   -1.34663
   0.01425,   -0.03384,   -1.34663
   0.01430,    0.01068,   -1.34663
   0.01435,    0.01068,   -1.34663
   0.01440,    0.01068,   -1.34663
   0.01445,    0.01068,   -1.39196
   0.01450,    0.01068,   -1.39196
   0.01455,    0.01068,   -1.34663
   0.01460,    0.01068,   -1.43729
   0.01465,   -0.03384,   -1.39196
   0.01470,    0.01068,   -1.34663
   0.01475,    0.01068,   -1.39196
   0.01480,    0.01068,   -1.43729
   0.01485,    0.01068,   -1.39196
   0.01490,    0.01068,   -1.43729
   0.01495,    0.01068,   -1.39196
   0.01500,    0.01068,   -1.43729
   0.01505,    0.01068,   -1.43729
   0.01510,    1.96960,   -1.43729
   0.01515,    1.96960,   -1.39196
   0.01520,    1.96960,   -1.39196
   0.01525,    1.96960,   -1.39196
   0.01530,    1.96960,   -1.39196
   0.01535,    1.96960,   -1.43729
   0.01540,    1.96960,   -1.43729
   0.01545,    1.96960,   -1.39196
   0.01550,    1.96960,   -1.43729
   0.01555,    1.96960,   -1.43729
   0.01560,    1.96960,   -1.39196
   0.01565,    1.96960,   -1.39196
   0.01570,    1.96960,   -1.39196
   0.01575,    1.96960,   -1.39196
   0.01580,    1.96960,   -1.34663
   0.01585,    1.96960,   -1.39196
   0.01590,    1.96960,   -1.39196
   0.01595,    1.96960,   -1.39196
   0.01600,    1.96960,   -1.34663
   0.01605,    1.96960,   -1.34663
   0.01610,    1.96960,   -1.34663
   0.01615,    1.96960,   -1.34663
   0.01620,    1.96960,   -1.34663
   0.01625,    1.96960,   -1.34663
   0.01630,    1.96960,   -1.34663
   0.01635,    2.01412,   -1.34663
   0.01640,    1.96960,   -1.30130
   0.01645,    1.96960,   -1.30130
   0.01650,    1.96960,   -1.30130
   0.01655,    1.96960,   -1.30130
   0.01660,    1.96960,   -1.25597
   0.01665,    1.96960,   -1.25597
   0.01670,    1.96960,   -1.25597
   0.01675,    1.96960,   -1.25597
   0.01680,    1.96960,   -1.25597
   0.01685,    1.96960,   -1.25597
   0.01690,    1.96960,   -1.21064
   0.01695,    1.96960,   -1.21064
   0.01700,    1.96960,   -1.21064
   0.01705,    1.96960,   -1.16531
   0.01710,    1.96960,   -1.16531
   0.01715,    1.96960,   -1.16531
   0.01720,    1.96960,   -1.11998
   0.01725,    1.96960,   -1.11998
   0.01730,    1.96960,   -1.11998
   0.01735,    1.96960,   -1.07466
   0.01740,    1.96960,   -1.07466
   0.01745,    2.01412,   -1.07466
   0.01750,    1.96960,   -1.07466
   0.01755,    1.96960,   -1.07466
   0.01760,    1.96960,   -1.02933
   0.01765,    1.96960,   -1.02933
   0.01770,    1.96960,   -0.98400
   0.01775,    1.96960,   -0.98400
   0.01780,    1.96960,   -0.98400
   0.01785,    1.96960,   -0.93867
   0.01790,    1.96960,   -0.93867
   0.01795,    1.96960,   -0.89334
   0.01800,    1.96960,   -0.89334
   0.01805,    1.96960,   -0.89334
   0.01810,    1.96960,   -0.89334
   0.01815,    1.96960,   -0.84801
   0.01820,    1.96960,   -0.80268
   0.01825,    1.96960,   -0.80268
   0.01830,    1.96960,   -0.80268
   0.01835,    1.96960,   -0.80268
   0.01840,    1.96960,   -0.75735
   0.01845,    1.96960,   -0.71202
   0.01850,    1.96960,   -0.71202
   0.01855,    1.96960,   -0.71202
   0.01860,    1.96960,   -0.71202
   0.01865,    1.96960,   -0.66670
   0.01870,    1.96960,   -0.62137
   0.01875,    1.96960,   -0.62137
   0.01880,    1.96960,   -0.57604
   0.01885,    1.96960,   -0.53071
   0.01890,    1.96960,   -0.53071
   0.01895,    1.96960,   -0.48538
   0.01900,    1.96960,   -0.53071
   0.01905,    1.96960,   -0.48538
   0.01910,    1.96960,   -0.48538
   0.01915,    1.96960,   -0.44005
   0.01920,    1.96960,   -0.39472
   0.01925,    1.96960,   -0.39472
   0.01930,    1.96960,   -0.34939
   0.01935,    1.96960,   -0.34939
   0.01940,    1.96960,   -0.34939
   0.01945,    1.96960,   -0.34939
   0.01950,    1.96960,   -0.30407
   0.01955,    1.96960,   -0.30407
   0.01960,    1.96960,   -0.25874
   0.01965,    1.96960,   -0.21341
   0.01970,    1.96960,   -0.16808
   0.01975,    1.96960,   -0.16808
   0.01980,    1.96960,   -0.16808
   0.01985,    1.96960,   -0.16808
   0.01990,    1.96960,   -0.12275
   0.01995,    1.96960,   -0.07742
   0.02000,    1.96960,   -0.07742
   0.02005,    1.96960,   -0.03209
   0.02010,    1.96960,   -0.03209
   0.02015,    1.96960,    0.01324
   0.02020,    1.96960,    0.01324
   0.02025,    1.96960,    0.01324
   0.02030,    1.96960,    0.01324
   0.02035,    1.96960,    0.05856
   0.02040,    1.96960,    0.10389
   0.02045,    2.01412,    0.10389
   0.02050,    2.01412,    0.14922
   0.02055,    1.96960,    0.19455
   0.02060,    1.96960,    0.19455
   0.02065,    1.96960,    0.19455
   0.02070,    1.96960,    0.23988
   0.02075,    1.96960,    0.23988
   0.02080,    1.96960,    0.28521
   0.02085,    1.96960,    0.28521
   0.02090,    1.96960,    0.33054
   0.02095,    1.96960,    0.37587
   0.02100,    1.96960,    0.37587
   0.02105,    1.96960,    0.37587
   0.02110,    1.96960,    0.37587
   0.02115,    1.96960,    0.42120
   0.02120,    1.96960,    0.46652
   0.02125,    1.96960,    0.46652
   0.02130,    1.96960,    0.46652
   0.02135,    1.96960,    0.51185
   0.02140,    1.96960,    0.55718
   0.02145,    1.96960,    0.55718
   0.02150,    1.96960,    0.55718
   0.02155,    1.96960,    0.60251
   0.02160,    1.96960,    0.60251
   0.02165,    1.96960,    0.64784
   0.02170,    1.96960,    0.64784
   0.02175,    1.96960,    0.69317
   0.02180,    1.96960,    0.69317
   0.02185,    1.96960,    0.73850
   0.02190,    1.96960,    0.73850
   0.02195,    1.96960,    0.73850
   0.02200,    1.96960,    0.73850
   0.02205,    1.96960,    0.78383
   0.02210,    1.96960,    0.78383
   0.02215,    1.96960,    0.82915
   0.02220,    1.96960,    0.82915
   0.02225,    1.96960,    0.87448
   0.02230,    1.96960,    0.87448
   0.02235,    1.96960,    0.91981
   0.02240,    2.01412,    0.91981
   0.02245,    1.96960,    0.91981
   0.02250,    1.96960,    0.91981
   0.02255,    1.96960,    0.91981
   0.02260,    1.96960,    0.96514
   0.02265,    1.96960,    0.96514
   0.02270,    1.96960,    1.01047
   0.02275,    1.96960,    1.01047
   0.02280,    1.96960,    1.05580
   0.02285,    1.96960,    1.05580
   0.02290,    1.96960,    1.10113
   0.02295,    1.96960,    1.10113
   0.02300,    1.96960,    1.10113
   0.02305,    1.96960,    1.10113
   0.02310,    1.96960,    1.10113
   0.02315,    1.96960,    1.10113
   0.02320,    2.01412,    1.14646
   0.02325,    1.96960,    1.14646
   0.02330,    1.96960,    1.19178
   0.02335,    1.96960,    1.19178
   0.02340,    1.96960,    1.19178
   0.02345,    0.01068,    1.19178
   0.02350,    0.01068,    1.19178
   0.02355,    0.01068,    1.23711
   0.02360,    0.01068,    1.23711
   0.02365,    0.01068,    1.28244
   0.02370,    0.01068,    1.28244
   0.02375,    0.01068,    1.28244
   0.02380,    0.01068,    1.28244
   0.02385,   -0.03384,    1.32777
   0.02390,    0.01068,    1.32777
   0.02395,    0.01068,    1.32777
   0.02400,    0.01068,    1.32777
   0.02405,    0.01068,    1.32777
   0.02410,    0.01068,    1.32777
   0.02415,    0.01068,    1.32777
   0.02420,    0.01068,    1.32777
   0.02425,    0.01068,    1.32777
   0.02430,   -0.03384,    1.37310
   0.02435,    0.01068,    1.37310
   0.02440,    0.01068,    1.37310
   0.02445,    0.01068,    1.37310
   0.02450,    0.01068,    1.41843
   0.02455,    0.01068,    1.37310
   0.02460,   -0.03384,    1.37310
   0.02465,    0.01068,    1.41843
   0.02470,   -0.03384,    1.41843
   0.02475,    0.01068,    1.41843
   0.02480,    0.01068,    1.41843
   0.02485,    0.01068,    1.41843
   0.02490,    0.01068,    1.46376
   0.02495,    0.01068,    1.41843
   0.02500,   -0.03384,    1.41843
   0.02505,    0.01068,    1.41843
   0.02510,    0.01068,    1.46376
   0.02515,    0.01068,    1.41843
   0.02520,    0.01068,    1.46376
   0.02525,    0.01068,    1.46376
   0.02530,    0.01068,    1.46376
   0.02535,    0.01068,    1.46376
   0.02540,    0.01068,    1.41843
   0.02545,    0.01068,    1.41843
   0.02550,    0.01068,    1.46376
   0.02555,    0.01068,    1.41843
   0.02560,    0.01068,    1.41843
   0.02565,    0.01068,    1.41843
   0.02570,    0.01068,    1.41843
   0.02575,    0.01068,    1.37310
   0.02580,    0.01068,    1.41843
   0.02585,    0.01068,    1.37310
   0.02590,    0.01068,    1.37310
   0.02595,   -0.03384,    1.37310
   0.02600,    0.01068,    1.37310
   0.02605,    0.01068,    1.37310
   0.02610,    0.01068,    1.37310
   0.02615,    0.01068,    1.37310
   0.02620,    0.01068,    1.37310
   0.02625,    0.01068,    1.37310
   0.02630,    0.01068,    1.37310
   0.02635,    0.01068,    1.32777
   0.02640,    0.01068,    1.32777
   0.02645,    0.01068,    1.32777
   0.02650,    0.01068,    1.32777
   0.02655,    0.01068,    1.28244
   0.02660,    0.01068,    1.28244
   0.02665,    0.01068,    1.28244
   0.02670,    0.01068,    1.28244
   0.02675,   -0.03384,    1.28244
   0.02680,   -0.03384,    1.23711
   0.02685,    0.01068,    1.28244
   0.02690,    0.01068,    1.23711
   0.02695,    0.01068,    1.23711
   0.02700,    0.01068,    1.19178
   0.02705,    0.01068,    1.19178
   0.02710,    0.01068,    1.19178
   0.02715,    0.01068,    1.19178
   0.02720,    0.01068,    1.14646
   0.02725,    0.01068,    1.14646
   0.02730,    0.01068,    1.14646
   0.02735,    0.01068,    1.14646
   0.02740,    0.01068,    1.10113
   0.02745,    0.01068,    1.10113
   0.02750,    0.01068,    1.10113
   0.02755,    0.01068,    1.05580
   0.02760,    0.01068,    1.05580
   0.02765,    0.01068,    1.01047
   0.02770,   -0.03384,    1.01047
   0.02775,    0.01068,    1.01047
   0.02780,    0.01068,    1.01047
   0.02785,    0.01068,    0.96514
   0.02790,    0.01068,    0.96514
   0.02795,   -0.03384,    0.96514
   0.02800,    0.01068,    0.91981
   0.02805,    0.01068,    0.91981
   0.02810,    0.01068,    0.87448
   0.02815,   -0.03384,    0.87448
   0.02820,    0.01068,    0.82915
   0.02825,    0.01068,    0.82915
   0.02830,    0.01068,    0.82915
   0.02835,    0.01068,    0.78383
   0.02840,    0.01068,    0.78383
   0.02845,    0.01068,    0.73850
   0.02850,    0.01068,    0.73850
   0.02855,    0.01068,    0.73850
   0.02860,   -0.03384,    0.73850
   0.02865,    0.01068,    0.69317
   0.02870,    0.01068,    0.69317
   0.02875,    0.01068,    0.64784
   0.02880,    0.01068,    0.64784
   0.02885,    0.01068,    0.64784
   0.02890,    0.01068,    0.60251
   0.02895,    0.01068,    0.60251
   0.02900,    0.01068,    0.55718
   0.02905,   -0.03384,    0.55718
   0.02910,    0.01068,    0.55718
   0.02915,   -0.03384,    0.51185
   0.02920,    0.01068,    0.46652
   0.02925,   -0.03384,    0.46652
   0.02930,   -0.03384,    0.42120
   0.02935,   -0.03384,    0.42120
   0.02940,    0.01068,    0.37587
   0.02945,   -0.03384,    0.37587
   0.02950,    0.01068,    0.37587
   0.02955,    0.01068,    0.33054
   0.02960,    0.01068,    0.28521
   0.02965,    0.01068,    0.28521
   0.02970,    0.01068,    0.23988
   0.02975,    0.01068,    0.19455
   0.02980,    0.01068,    0.19455
   0.02985,    0.01068,    0.19455
   0.02990,    0.01068,    0.19455
   0.02995,    0.01068,    0.14922
   0.03000,    0.01068,    0.10389
   0.03005,   -0.03384,    0.10389
   0.03010,    0.01068,    0.05856
   0.03015,    0.01068,    0.05856
   0.03020,    0.01068,    0.01324
   0.03025,    0.01068,    0.01324
   0.03030,    0.01068,    0.01324
   0.03035,    0.01068,    0.01324
   0.03040,    0.01068,   -0.07742
   0.03045,    0.01068,   -0.07742
   0.03050,    0.01068,   -0.07742
   0.03055,    0.01068,   -0.12275
   0.03060,    0.01068,   -0.16808
   0.03065,    0.01068,   -0.16808
   0.03070,   -0.03384,   -0.16808
   0.03075,    0.01068,   -0.21341
   0.03080,    0.01068,   -0.25874
   0.03085,    0.01068,   -0.25874
   0.03090,    0.01068,   -0.25874
   0.03095,   -0.03384,   -0.30407
   0.03100,    0.01068,   -0.34939
   0.03105,    0.01068,   -0.34939
   0.03110,    0.01068,   -0.34939
   0.03115,   -0.03384,   -0.39472
   0.03120,    0.01068,   -0.39472
   0.03125,    0.01068,   -0.44005
   0.03130,    0.01068,   -0.44005
   0.03135,    0.01068,   -0.48538
   0.03140,    0.01068,   -0.48538
   0.03145,    0.01068,   -0.53071
   0.03150,    0.01068,   -0.53071
   0.03155,    0.01068,   -0.53071
   0.03160,   -0.03384,   -0.53071
   0.03165,    0.01068,   -0.62137
   0.03170,    0.01068,   -0.62137
   0.03175,    0.01068,   -0.62137
   0.03180,    1.96960,   -0.66670
   0.03185,    1.96960,   -0.71202
   0.03190,    1.96960,   -0.71202
   0.03195,    1.96960,   -0.71202
   0.03200,    1.96960,   -0.71202
   0.03205,    1.96960,   -0.75735
   0.03210,    1.96960,   -0.75735
   0.03215,    1.96960,   -0.80268
   0.03220,    1.96960,   -0.80268
   0.03225,    1.96960,   -0.84801
   0.03230,    1.96960,   -0.84801
   0.03235,    1.96960,   -0.89334
   0.03240,    1.96960,   -0.89334
   0.03245,    1.96960,   -0.89334
   0.03250,    1.96960,   -0.89334
   0.03255,    1.96960,   -0.93867
   0.03260,    1.96960,   -0.93867
   0.03265,    1.96960,   -0.98400
   0.03270,    1.96960,   -0.98400
   0.03275,    1.96960,   -1.02933
   0.03280,    1.96960,   -1.02933
   0.03285,    1.96960,   -1.02933
   0.03290,    1.96960,   -1.07466
   0.03295,    1.96960,   -1.07466
   0.03300,    1.96960,   -1.07466
   0.03305,    1.96960,   -1.07466
   0.03310,    1.96960,   -1.07466
   0.03315,    1.96960,   -1.11998
   0.03320,    1.96960,   -1.11998
   0.03325,    1.96960,   -1.16531
   0.03330,    1.96960,   -1.16531
   0.03335,    1.96960,   -1.16531
   0.03340,    1.96960,   -1.16531
   0.03345,    1.96960,   -1.21064
   0.03350,    1.96960,   -1.21064
   0.03355,    1.96960,   -1.21064
   0.03360,    1.96960,   -1.25597
   0.03365,    1.96960,   -1.25597
   0.03370,    1.96960,   -1.25597
   0.03375,    1.96960,   -1.25597
   0.03380,    1.96960,   -1.25597
   0.03385,    1.96960,   -1.30130
   0.03390,    1.96960,   -1.30130
   0.03395,    1.96960,   -1.30130
   0.03400,    1.96960,   -1.30130
   0.03405,    1.96960,   -1.30130
   0.03410,    1.96960,   -1.34663
   0.03415,    1.96960,   -1.34663
   0.03420,    1.96960,   -1.34663
   0.03425,    1.92508,   -1.34663
   0.03430,    1.96960,   -1.34663
   0.03435,    1.96960,   -1.34663
   0.03440,    1.96960,   -1.34663
   0.03445,    1.96960,   -1.34663
   0.03450,    1.96960,   -1.39196
   0.03455,    1.96960,   -1.39196
   0.03460,    1.96960,   -1.39196
   0.03465,    1.96960,   -1.39196
   0.03470,    1.96960,   -1.39196
   0.03475,    1.96960,   -1.39196
   0.03480,    1.96960,   -1.39196
   0.03485,    1.96960,   -1.43729
   0.03490,    1.96960,   -1.39196
   0.03495,    1.96960,   -1.39196
   0.03500,    1.96960,   -1.39196
   0.03505,    1.96960,   -1.39196
   0.03510,    1.96960,   -1.39196
   0.03515,    1.96960,   -1.39196
   0.03520,    1.96960,   -1.43729
   0.03525,    1.96960,   -1.39196
   0.03530,    1.96960,   -1.43729
   0.03535,    1.96960,   -1.39196
   0.03540,    1.96960,   -1.43729
   0.03545,    1.96960,   -1.39196
   0.03550,    1.96960,   -1.43729
   0.03555,    1.96960,   -1.43729
   0.03560,    1.96960,   -1.39196
   0.03565,    1.96960,   -1.39196
   0.03570,    1.96960,   -1.39196
   0.03575,    1.96960,   -1.39196
   0.03580,    1.96960,   -1.39196
   0.03585,    1.96960,   -1.39196
   0.03590,    1.96960,   -1.39196
   0.03595,    1.96960,   -1.34663
   0.03600,    1.96960,   -1.39196
   0.03605,    1.96960,   -1.39196
   0.03610,    1.96960,   -1.39196
   0.03615,    1.96960,   -1.34663
   0.03620,    1.96960,   -1.34663
   0.03625,    1.96960,   -1.34663
   0.03630,    1.96960,   -1.34663
   0.03635,    1.96960,   -1.34663
   0.03640,    1.96960,   -1.34663
   0.03645,    1.96960,   -1.30130
   0.03650,    1.96960,   -1.30130
   0.03655,    2.01412,   -1.30130
   0.03660,    1.96960,   -1.30130
   0.03665,    1.96960,   -1.25597
   0.03670,    1.96960,   -1.25597
   0.03675,    2.01412,   -1.25597
   0.03680,    1.96960,   -1.25597
   0.03685,    1.96960,   -1.25597
   0.03690,    1.96960,   -1.25597
   0.03695,    1.96960,   -1.25597
   0.03700,    1.96960,   -1.21064
   0.03705,    1.96960,   -1.21064
   0.03710,    1.96960,   -1.21064
   0.03715,    1.96960,   -1.16531
   0.03720,    1.96960,   -1.16531
   0.03725,    1.96960,   -1.16531
   0.03730,    1.96960,   -1.11998
   0.03735,    1.96960,   -1.11998
   0.03740,    1.96960,   -1.11998
   0.03745,    1.96960,   -1.07466
   0.03750,    1.96960,   -1.07466
   0.03755,    1.96960,   -1.07466
   0.03760,    1.96960,   -1.07466
   0.03765,    1.96960,   -1.07466
   0.03770,    2.01412,   -1.02933
   0.03775,    1.96960,   -1.02933
   0.03780,    1.96960,   -0.98400
   0.03785,    1.96960,   -0.98400
   0.03790,    1.96960,   -0.98400
   0.03795,    1.96960,   -0.93867
   0.03800,    1.96960,   -0.93867
   0.03805,    1.96960,   -0.89334
   0.03810,    1.96960,   -0.89334
   0.03815,    1.96960,   -0.89334
   0.03820,    1.96960,   -0.89334
   0.03825,    1.96960,   -0.84801
   0.03830,    1.96960,   -0.84801
   0.03835,    1.96960,   -0.84801
   0.03840,    1.96960,   -0.80268
   0.03845,    1.96960,   -0.75735
   0.03850,    1.96960,   -0.75735
   0.03855,    1.96960,   -0.71202
   0.03860,    1.96960,   -0.71202
   0.03865,    1.96960,   -0.71202
   0.03870,    1.96960,   -0.66670
   0.03875,    1.96960,   -0.66670
   0.03880,    1.96960,   -0.62137
   0.03885,    1.96960,   -0.62137
   0.03890,    1.96960,   -0.62137
   0.03895,    1.96960,   -0.57604
   0.03900,    1.96960,   -0.53071
   0.03905,    1.96960,   -0.53071
   0.03910,    1.96960,   -0.53071
   0.03915,    1.96960,   -0.48538
   0.03920,    1.96960,   -0.48538
   0.03925,    1.96960,   -0.44005
   0.03930,    1.96960,   -0.44005
   0.03935,    1.96960,   -0.39472
   0.03940,    1.96960,   -0.34939
   0.03945,    1.96960,   -0.34939
   0.03950,    1.96960,   -0.34939
   0.03955,    1.96960,   -0.34939
   0.03960,    1.96960,   -0.30407
   0.03965,    1.96960,   -0.25874
   0.03970,    1.96960,   -0.25874
   0.03975,    1.96960,   -0.25874
   0.03980,    1.96960,   -0.16808
   0.03985,    1.96960,   -0.16808
   0.03990,    1.96960,   -0.16808
   0.03995,    1.96960,   -0.16808
   0.04000,    1.96960,   -0.12275
   0.04005,    1.96960,   -0.07742
   0.04010,    0.01068,   -0.07742
   0.04015,    0.01068,   -0.07742
   0.04020,   -0.03384,   -0.03209
   0.04025,    0.01068,   -0.03209
   0.04030,   -0.03384,    0.01324
   0.04035,    0.01068,    0.01324
   0.04040,    0.01068,    0.05856
   0.04045,    0.01068,    0.10389
   0.04050,   -0.03384,    0.10389
   0.04055,    0.01068,    0.10389
   0.04060,    0.01068,    0.14922
   0.04065,   -0.03384,    0.14922
   0.04070,   -0.03384,    0.19455
   0.04075,    0.01068,    0.23988
   0.04080,    0.01068,    0.19455
   0.04085,    0.01068,    0.23988
   0.04090,    0.01068,    0.28521
   0.04095,    0.01068,    0.28521
   0.04100,    0.01068,    0.33054
   0.04105,    0.01068,    0.33054
   0.04110,    0.01068,    0.37587
   0.04115,    0.01068,    0.37587
   0.04120,    0.01068,    0.42120
   0.04125,   -0.03384,    0.42120
   0.04130,    0.01068,    0.46652
   0.04135,   -0.03384,    0.46652
   0.04140,    0.01068,    0.51185
   0.04145,    0.01068,    0.51185
   0.04150,    0.01068,    0.55718
   0.04155,    0.01068,    0.55718
   0.04160,    0.01068,    0.60251
   0.04165,   -0.03384,    0.55718
   0.04170,    0.01068,    0.64784
   0.04175,    0.01068,    0.64784
   0.04180,   -0.03384,    0.64784
   0.04185,   -0.03384,    0.69317
   0.04190,    0.01068,    0.69317
   0.04195,    0.01068,    0.73850
   0.04200,    0.01068,    0.73850
   0.04205,   -0.03384,    0.73850
   0.04210,    0.01068,    0.73850
   0.04215,    0.01068,    0.73850
   0.04220,    0.01068,    0.78383
   0.04225,    0.01068,    0.82915
   0.04230,    0.01068,    0.82915
   0.04235,    0.01068,    0.87448
   0.04240,    0.01068,    0.87448
   0.04245,    0.01068,    0.87448
   0.04250,    0.01068,    0.91981
   0.04255,    0.01068,    0.91981
   0.04260,    0.01068,    0.91981
   0.04265,    0.01068,    0.96514
   0.04270,    0.01068,    0.96514
   0.04275,   -0.03384,    0.96514
   0.04280,    0.01068,    1.01047
   0.04285,    0.01068,    1.01047
   0.04290,   -0.03384,    1.01047
   0.04295,    0.01068,    1.05580
   0.04300,   -0.03384,    1.05580
   0.04305,    0.01068,    1.10113
   0.04310,    0.01068,    1.10113
   0.04315,   -0.03384,    1.10113
   0.04320,    0.01068,    1.10113
   0.04325,    0.01068,    1.10113
   0.04330,   -0.03384,    1.14646
   0.04335,    0.01068,    1.19178
   0.04340,    0.01068,    1.19178
   0.04345,    0.01068,    1.19178
   0.04350,    0.01068,    1.19178
   0.04355,    0.01068,    1.19178
   0.04360,    0.01068,    1.19178
   0.04365,    0.01068,    1.23711
   0.04370,    0.01068,    1.28244
   0.04375,   -0.03384,    1.23711
   0.04380,    0.01068,    1.28244
   0.04385,   -0.03384,    1.28244
   0.04390,    0.01068,    1.28244
   0.04395,    0.01068,    1.28244
   0.04400,    0.01068,    1.28244
   0.04405,    0.01068,    1.32777
   0.04410,    0.01068,    1.28244
   0.04415,   -0.03384,    1.28244
   0.04420,    0.01068,    1.32777
   0.04425,    0.01068,    1.32777
   0.04430,   -0.03384,    1.37310
   0.04435,    0.01068,    1.37310
   0.04440,    0.01068,    1.37310
   0.04445,   -0.03384,    1.37310
   0.04450,    0.01068,    1.37310
   0.04455,    0.01068,    1.37310
   0.04460,   -0.03384,    1.37310
   0.04465,    0.01068,    1.37310
   0.04470,    0.01068,    1.41843
   0.04475,    0.01068,    1.41843
   0.04480,   -0.03384,    1.37310
   0.04485,    0.01068,    1.41843
   0.04490,    0.01068,    1.41843
   0.04495,    0.01068,    1.41843
   0.04500,    0.01068,    1.41843
   0.04505,    0.01068,    1.41843
   0.04510,    0.01068,    1.46376
   0.04515,    0.01068,    1.41843
   0.04520,    0.01068,    1.46376
   0.04525,   -0.03384,    1.41843
   0.04530,    0.01068,    1.46376
   0.04535,    0.01068,    1.46376
   0.04540,    0.01068,    1.46376
   0.04545,    0.01068,    1.46376
   0.04550,    0.01068,    1.41843
   0.04555,    0.01068,    1.41843
   0.04560,    0.01068,    1.41843
   0.04565,   -0.03384,    1.41843
   0.04570,    0.01068,    1.46376
   0.04575,    0.01068,    1.41843
   0.04580,    0.01068,    1.41843
   0.04585,    0.01068,    1.37310
   0.04590,    0.01068,    1.41843
   0.04595,   -0.03384,    1.37310
   0.04600,    0.01068,    1.37310
   0.04605,    0.05521,    1.37310
   0.04610,    0.01068,    1.37310
   0.04615,    0.01068,    1.37310
   0.04620,    0.01068,    1.37310
   0.04625,    0.01068,    1.37310
   0.04630,    0.01068,    1.37310
   0.04635,    0.01068,    1.37310
   0.04640,    0.01068,    1.37310
   0.04645,    0.01068,    1.32777
   0.04650,    0.01068,    1.32777
   0.04655,    0.01068,    1.32777
   0.04660,    0.01068,    1.32777
   0.04665,    0.01068,    1.28244
   0.04670,    0.01068,    1.32777
   0.04675,    0.01068,    1.28244
   0.04680,    0.01068,    1.28244
   0.04685,    0.01068,    1.28244
   0.04690,    0.01068,    1.28244
   0.04695,    0.01068,    1.23711
   0.04700,   -0.03384,    1.23711
   0.04705,    0.01068,    1.23711
   0.04710,    0.01068,    1.19178
   0.04715,   -0.03384,    1.19178
   0.04720,    0.01068,    1.19178
   0.04725,    0.01068,    1.19178
   0.04730,   -0.03384,    1.14646
   0.04735,    0.01068,    1.14646
   0.04740,    0.01068,    1.14646
   0.04745,    0.01068,    1.10113
   0.04750,    0.01068,    1.10113
   0.04755,    0.01068,    1.10113
   0.04760,    0.01068,    1.10113
   0.04765,    0.01068,    1.10113
   0.04770,    0.01068,    1.05580
   0.04775,   -0.03384,    1.05580
   0.04780,    0.01068,    1.01047
   0.04785,   -0.03384,    1.01047
   0.04790,    0.01068,    0.96514
   0.04795,    0.01068,    0.96514
   0.04800,   -0.03384,    0.96514
   0.04805,    0.01068,    0.96514
   0.04810,    0.01068,    0.96514
   0.04815,    0.01068,    0.91981
   0.04820,   -0.03384,    0.91981
   0.04825,    0.01068,    0.87448
   0.04830,    0.01068,    0.82915
   0.04835,    0.01068,    0.82915
   0.04840,    0.01068,    0.82915
   0.04845,    2.01412,    0.82915
   0.04850,    1.96960,    0.78383
   0.04855,    1.96960,    0.73850
   0.04860,    1.96960,    0.78383
   0.04865,    1.96960,    0.73850
   0.04870,    1.96960,    0.73850
   0.04875,    1.96960,    0.73850
   0.04880,    1.96960,    0.69317
   0.04885,    1.96960,    0.64784
   0.04890,    1.96960,    0.64784
   0.04895,    1.96960,    0.64784
   0.04900,    1.96960,    0.60251
   0.04905,    1.96960,    0.55718
   0.04910,    1.96960,    0.60251
   0.04915,    1.96960,    0.55718
   0.04920,    1.96960,    0.55718
   0.04925,    1.96960,    0.46652
   0.04930,    1.96960,    0.46652
   0.04935,    1.96960,    0.42120
   0.04940,    2.01412,    0.46652
   0.04945,    1.96960,    0.42120
   0.04950,    2.01412,    0.37587
   0.04955,    1.96960,    0.37587
   0.04960,    1.96960,    0.37587
   0.04965,    1.96960,    0.33054
   0.04970,    2.01412,    0.28521
   0.04975,    1.96960,    0.28521
   0.04980,    1.96960,    0.23988
   0.04985,    2.01412,    0.23988
   0.04990,    1.96960,    0.19455
   0.04995,    1.96960,    0.19455
   0.05000,    1.96960,    0.19455
   0.05005,    1.96960,    0.14922
   0.05010,    1.96960,    0.10389
   0.05015,    1.96960,    0.10389
   0.05020,    1.96960,    0.10389
   0.05025,    1.96960,    0.01324
   0.05030,    1.96960,    0.01324
   0.05035,    1.96960,    0.01324
   0.05040,    1.96960,   -0.03209
   0.05045,    1.96960,   -0.03209
   0.05050,    1.96960,   -0.07742
   0.05055,    1.96960,   -0.07742
   0.05060,    2.01412,   -0.07742
   0.05065,    1.96960,   -0.12275
   0.05070,    1.96960,   -0.16808
   0.05075,    1.96960,   -0.16808
   0.05080,    1.96960,   -0.16808
   0.05085,    1.96960,   -0.16808
   0.05090,    2.01412,   -0.25874
   0.05095,    1.96960,   -0.25874
   0.05100,    1.96960,   -0.25874
   0.05105,    1.96960,   -0.30407
   0.05110,    2.01412,   -0.30407
   0.05115,    1.96960,   -0.34939
   0.05120,    1.96960,   -0.34939
   0.05125,    1.96960,   -0.34939
   0.05130,    1.96960,   -0.39472
   0.05135,    2.01412,   -0.44005
   0.05140,    1.96960,   -0.44005
   0.05145,    1.96960,   -0.48538
   0.05150,    1.96960,   -0.48538
   0.05155,    1.96960,   -0.53071
   0.05160,    1.96960,   -0.53071
   0.05165,    1.96960,   -0.53071
   0.05170,    1.96960,   -0.57604
   0.05175,    2.01412,   -0.62137
   0.05180,    1.96960,   -0.62137
   0.05185,    1.96960,   -0.62137
   0.05190,    1.96960,   -0.71202
   0.05195,    1.96960,   -0.71202
   0.05200,    1.96960,   -0.71202
   0.05205,    1.96960,   -0.71202
   0.05210,    1.96960,   -0.71202
   0.05215,    1.96960,   -0.75735
   0.05220,    1.96960,   -0.80268
   0.05225,    1.96960,   -0.80268
   0.05230,    1.96960,   -0.80268
   0.05235,    1.96960,   -0.80268
   0.05240,    1.96960,   -0.84801
   0.05245,    1.96960,   -0.89334
   0.05250,    1.96960,   -0.89334
   0.05255,    1.96960,   -0.89334
   0.05260,    1.96960,   -0.89334
   0.05265,    1.96960,   -0.93867
   0.05270,    1.96960,   -0.93867
   0.05275,    2.01412,   -0.98400
   0.05280,    1.96960,   -0.98400
   0.05285,    1.96960,   -0.98400
   0.05290,    1.96960,   -1.02933
   0.05295,    1.96960,   -1.02933
   0.05300,    1.96960,   -1.02933
   0.05305,    1.96960,   -1.07466
   0.05310,    1.96960,   -1.07466
   0.05315,    1.96960,   -1.07466
   0.05320,    1.96960,   -1.07466
   0.05325,    1.96960,   -1.11998
   0.05330,    1.96960,   -1.11998
   0.05335,    1.96960,   -1.16531
   0.05340,    1.96960,   -1.16531
   0.05345,    1.96960,   -1.16531
   0.05350,    1.96960,   -1.16531
   0.05355,    1.96960,   -1.21064
   0.05360,    1.96960,   -1.21064
   0.05365,    1.96960,   -1.25597
   0.05370,    1.96960,   -1.21064
   0.05375,    1.96960,   -1.25597
   0.05380,    1.96960,   -1.25597
   0.05385,    1.96960,   -1.25597
   0.05390,    1.96960,   -1.25597
   0.05395,    1.96960,   -1.25597
   0.05400,    1.96960,   -1.30130
   0.05405,    2.01412,   -1.30130
   0.05410,    1.92508,   -1.30130
   0.05415,    2.01412,   -1.30130
   0.05420,    1.96960,   -1.34663
   0.05425,    1.96960,   -1.34663
   0.05430,    2.01412,   -1.34663
   0.05435,    1.96960,   -1.34663
   0.05440,    1.96960,   -1.34663
   0.05445,    1.96960,   -1.39196
   0.05450,    1.96960,   -1.34663
   0.05455,    1.96960,   -1.39196
   0.05460,    1.96960,   -1.34663
   0.05465,    1.96960,   -1.39196
   0.05470,    1.96960,   -1.39196
   0.05475,    1.96960,   -1.39196
   0.05480,    1.96960,   -1.39196
   0.05485,    1.96960,   -1.39196
   0.05490,    1.96960,   -1.39196
   0.05495,    1.96960,   -1.39196
   0.05500,    1.96960,   -1.43729
   0.05505,    1.96960,   -1.43729
   0.05510,    1.96960,   -1.39196
   0.05515,    1.96960,   -1.43729
   0.05520,    1.96960,   -1.43729
   0.05525,    1.96960,   -1.39196
   0.05530,    1.96960,   -1.43729
   0.05535,    1.96960,   -1.43729
   0.05540,    1.96960,   -1.39196
   0.05545,    1.96960,   -1.39196
   0.05550,    2.01412,   -1.39196
   0.05555,    1.96960,   -1.39196
   0.05560,    1.96960,   -1.43729
   0.05565,    1.96960,   -1.43729
   0.05570,    1.96960,   -1.39196
   0.05575,    1.96960,   -1.43729
   0.05580,    1.96960,   -1.39196
   0.05585,    1.96960,   -1.39196
   0.05590,    1.96960,   -1.43729
   0.05595,    1.96960,   -1.39196
   0.05600,    1.96960,   -1.39196
   0.05605,    1.96960,   -1.34663
   0.05610,    1.96960,   -1.34663
   0.05615,    1.96960,   -1.34663
   0.05620,    2.01412,   -1.39196
   0.05625,    2.01412,   -1.34663
   0.05630,    1.96960,   -1.34663
   0.05635,    1.96960,   -1.34663
   0.05640,    1.96960,   -1.34663
   0.05645,    1.96960,   -1.34663
   0.05650,    1.96960,   -1.34663
   0.05655,    2.01412,   -1.30130
   0.05660,    1.96960,   -1.30130
   0.05665,    1.96960,   -1.30130
   0.05670,    1.96960,   -1.30130
   0.05675,    1.96960,   -1.25597
   0.05680,    0.01068,   -1.25597
   0.05685,    0.01068,   -1.25597
   0.05690,    0.01068,   -1.25597
   0.05695,   -0.03384,   -1.25597
   0.05700,    0.01068,   -1.25597
   0.05705,    0.01068,   -1.21064
   0.05710,    0.01068,   -1.21064
   0.05715,    0.01068,   -1.21064
   0.05720,   -0.03384,   -1.16531
   0.05725,    0.01068,   -1.16531
   0.05730,   -0.03384,   -1.16531
   0.05735,    0.01068,   -1.16531
   0.05740,    0.01068,   -1.16531
   0.05745,    0.01068,   -1.11998
   0.05750,    0.01068,   -1.11998
   0.05755,    0.01068,   -1.07466
   0.05760,    0.01068,   -1.07466
   0.05765,    0.01068,   -1.07466
   0.05770,    0.01068,   -1.07466
   0.05775,    0.01068,   -1.07466
   0.05780,   -0.03384,   -1.02933
   0.05785,    0.01068,   -1.02933
   0.05790,    0.01068,   -0.98400
   0.05795,    0.01068,   -0.98400
   0.05800,    0.01068,   -0.98400
   0.05805,    0.01068,   -0.93867
   0.05810,    0.01068,   -0.93867
   0.05815,    0.01068,   -0.89334
   0.05820,    0.01068,   -0.89334
   0.05825,   -0.03384,   -0.89334
   0.05830,    0.01068,   -0.84801
   0.05835,    0.01068,   -0.84801
   0.05840,    0.01068,   -0.84801
   0.05845,    0.01068,   -0.80268
   0.05850,    0.01068,   -0.80268
   0.05855,    0.01068,   -0.80268
   0.05860,    0.01068,   -0.75735
   0.05865,   -0.03384,   -0.71202
   0.05870,    0.01068,   -0.71202
   0.05875,    0.01068,   -0.71202
   0.05880,    0.01068,   -0.71202
   0.05885,    0.01068,   -0.66670
   0.05890,    0.01068,   -0.66670
   0.05895,    0.01068,   -0.62137
   0.05900,    0.01068,   -0.57604
   0.05905,    0.01068,   -0.53071
   0.05910,    0.01068,   -0.53071
   0.05915,    0.01068,   -0.53071
   0.05920,    0.01068,   -0.53071
   0.05925,    0.01068,   -0.48538
   0.05930,    0.01068,   -0.44005
   0.05935,    0.01068,   -0.44005
   0.05940,   -0.03384,   -0.39472
   0.05945,    0.01068,   -0.39472
   0.05950,   -0.03384,   -0.34939
   0.05955,    0.01068,   -0.34939
   0.05960,    0.01068,   -0.34939
   0.05965,    0.01068,   -0.30407
   0.05970,    0.01068,   -0.30407
   0.05975,    0.01068,   -0.25874
   0.05980,    0.01068,   -0.25874
   0.05985,    0.01068,   -0.21341
   0.05990,    0.01068,   -0.21341
   0.05995,    0.01068,   -0.16808
   0.06000,    0.01068,   -0.12275
   0.06005,    0.01068,   -0.16808
   0.06010,    0.01068,   -0.12275
   0.06015,    0.01068,   -0.12275
   0.06020,    0.01068,   -0.07742
   0.06025,    0.01068,   -0.03209
   0.06030,   -0.03384,   -0.03209
   0.06035,    0.01068,    0.01324
   0.06040,    0.01068,    0.01324
   0.06045,   -0.03384,    0.01324
   0.06050,    0.01068,    0.05856
   0.06055,    0.01068,    0.05856
   0.06060,    0.01068,    0.10389
   0.06065,    0.01068,    0.10389
   0.06070,    0.01068,    0.14922
   0.06075,    0.01068,    0.19455
   0.06080,    0.01068,    0.19455
   0.06085,    0.01068,    0.19455
   0.06090,    0.01068,    0.23988
   0.06095,    0.01068,    0.23988
   0.06100,    0.01068,    0.28521
   0.06105,    0.01068,    0.28521
   0.06110,    0.01068,    0.33054
   0.06115,    0.01068,    0.33054
   0.06120,    0.01068,    0.37587
   0.06125,    0.01068,    0.37587
   0.06130,   -0.03384,    0.42120
   0.06135,    0.01068,    0.42120
   0.06140,    0.01068,    0.46652
   0.06145,   -0.03384,    0.46652
   0.06150,   -0.03384,    0.51185
   0.06155,    0.01068,    0.51185
   0.06160,    0.01068,    0.55718
   0.06165,   -0.03384,    0.55718
   0.06170,    0.01068,    0.55718
   0.06175,    0.01068,    0.60251
   0.06180,    0.01068,    0.60251
   0.06185,   -0.03384,    0.64784
   0.06190,    0.01068,    0.64784
   0.06195,    0.01068,    0.69317
   0.06200,    0.01068,    0.73850
   0.06205,   -0.03384,    0.73850
   0.06210,    0.01068,    0.73850
   0.06215,    0.01068,    0.73850
   0.06220,    0.01068,    0.73850
   0.06225,   -0.03384,    0.78383
   0.06230,    0.01068,    0.78383
   0.06235,    0.01068,    0.82915
   0.06240,    0.01068,    0.82915
   0.06245,   -0.03384,    0.82915
   0.06250,    0.01068,    0.87448
   0.06255,    0.01068,    0.87448
   0.06260,    0.01068,    0.91981
   0.06265,    0.01068,    0.91981
   0.06270,   -0.03384,    0.91981
   0.06275,    0.01068,    0.96514
   0.06280,    0.01068,    0.96514
   0.06285,    0.01068,    0.96514
   0.06290,    0.01068,    1.01047
   0.06295,    0.01068,    1.01047
   0.06300,    0.01068,    1.01047
   0.06305,    0.01068,    1.10113
   0.06310,    0.01068,    1.05580
   0.06315,    0.01068,    1.10113
   0.06320,    0.01068,    1.10113
   0.06325,    0.01068,    1.10113
   0.06330,    0.01068,    1.10113
   0.06335,    0.01068,    1.14646
   0.06340,   -0.03384,    1.14646
   0.06345,    0.01068,    1.14646
   0.06350,   -0.03384,    1.14646
   0.06355,    0.01068,    1.19178
   0.06360,    0.01068,    1.19178
   0.06365,    0.01068,    1.19178
   0.06370,    0.01068,    1.19178
   0.06375,    0.01068,    1.23711
   0.06380,    0.01068,    1.23711
   0.06385,    0.01068,    1.28244
   0.06390,   -0.03384,    1.28244
   0.06395,    0.01068,    1.28244
   0.06400,    0.01068,    1.28244
   0.06405,   -0.03384,    1.28244
   0.06410,    0.01068,    1.28244
   0.06415,    0.01068,    1.28244
   0.06420,    0.01068,    1.32777
   0.06425,   -0.03384,    1.32777
   0.06430,    0.01068,    1.32777
   0.06435,    0.01068,    1.32777
   0.06440,   -0.03384,    1.37310
   0.06445,    0.01068,    1.37310
   0.06450,    0.01068,    1.37310
   0.06455,    0.01068,    1.37310
   0.06460,    0.01068,    1.37310
   0.06465,    0.01068,    1.37310
   0.06470,    0.01068,    1.37310
   0.06475,    0.01068,    1.37310
   0.06480,    0.01068,    1.37310
   0.06485,    0.01068,    1.37310
   0.06490,    0.01068,    1.41843
   0.06495,    0.01068,    1.41843
   0.06500,    0.01068,    1.41843
   0.06505,   -0.03384,    1.41843
   0.06510,    1.96960,    1.41843
   0.06515,    1.96960,    1.41843
   0.06520,    1.96960,    1.41843
   0.06525,    1.96960,    1.46376
   0.06530,    1.96960,    1.46376
   0.06535,    1.96960,    1.46376
   0.06540,    1.96960,    1.41843
   0.06545,    1.96960,    1.46376
   0.06550,    1.96960,    1.46376
   0.06555,    2.01412,    1.41843
   0.06560,    1.96960,    1.41843
   0.06565,    1.96960,    1.41843
   0.06570,    1.96960,    1.46376
   0.06575,    1.96960,    1.41843
   0.06580,    1.96960,    1.41843
   0.06585,    1.96960,    1.41843
   0.06590,    1.96960,    1.41843
   0.06595,    1.96960,    1.41843
   0.06600,    1.96960,    1.41843
   0.06605,    1.96960,    1.37310
   0.06610,    1.96960,    1.37310
   0.06615,    2.01412,    1.37310
   0.06620,    1.96960,    1.41843
   0.06625,    2.01412,    1.37310
   0.06630,    1.96960,    1.37310
   0.06635,    1.96960,    1.37310
   0.06640,    1.96960,    1.37310
   0.06645,    1.96960,    1.37310
   0.06650,    1.96960,    1.32777
   0.06655,    1.96960,    1.32777
   0.06660,    1.96960,    1.32777
   0.06665,    1.96960,    1.32777
   0.06670,    2.01412,    1.28244
   0.06675,    1.96960,    1.28244
   0.06680,    1.96960,    1.28244
   0.06685,    1.96960,    1.28244
   0.06690,    1.96960,    1.28244
   0.06695,    1.96960,    1.28244
   0.06700,    1.96960,    1.28244
   0.06705,    1.96960,    1.28244
   0.06710,    1.96960,    1.23711
   0.06715,    1.96960,    1.23711
   0.06720,    1.96960,    1.19178
   0.06725,    1.96960,    1.19178
   0.06730,    1.96960,    1.19178
   0.06735,    1.96960,    1.19178
   0.06740,    1.96960,    1.14646
   0.06745,    1.96960,    1.14646
   0.06750,    1.96960,    1.14646
   0.06755,    1.96960,    1.10113
   0.06760,    1.96960,    1.10113
   0.06765,    1.96960,    1.10113
   0.06770,    1.96960,    1.10113
   0.06775,    1.96960,    1.10113
   0.06780,    1.96960,    1.05580
   0.06785,    1.96960,    1.05580
   0.06790,    1.96960,    1.01047
   0.06795,    1.96960,    1.01047
   0.06800,    1.96960,    1.01047
   0.06805,    1.96960,    0.96514
   0.06810,    1.96960,    0.96514
   0.06815,    1.96960,    0.96514
   0.06820,    1.96960,    0.91981
   0.06825,    1.96960,    0.91981
   0.06830,    1.96960,    0.91981
   0.06835,    1.96960,    0.87448
   0.06840,    1.96960,    0.82915
   0.06845,    1.96960,    0.82915
   0.06850,    1.96960,    0.82915
   0.06855,    1.96960,    0.82915
   0.06860,    1.96960,    0.78383
   0.06865,    1.96960,    0.73850
   0.06870,    1.96960,    0.73850
   0.06875,    1.96960,    0.73850
   0.06880,    1.96960,    0.73850
   0.06885,    2.01412,    0.73850
   0.06890,    1.96960,    0.69317
   0.06895,    1.96960,    0.69317
   0.06900,    1.96960,    0.64784
   0.06905,    1.96960,    0.64784
   0.06910,    1.96960,    0.60251
   0.06915,    1.96960,    0.55718
   0.06920,    1.96960,    0.55718
   0.06925,    1.96960,    0.55718
   0.06930,    1.96960,    0.55718
   0.06935,    1.96960,    0.51185
   0.06940,    1.96960,    0.46652
   0.06945,    1.96960,    0.42120
   0.06950,    1.96960,    0.42120
   0.06955,    1.96960,    0.42120
   0.06960,    1.96960,    0.37587
   0.06965,    1.96960,    0.37587
   0.06970,    1.96960,    0.33054
   0.06975,    1.96960,    0.33054
   0.06980,    1.96960,    0.28521
   0.06985,    1.96960,    0.28521
   0.06990,    1.96960,    0.23988
   0.06995,    1.96960,    0.23988
   0.07000,    1.96960,    0.19455
   0.07005,    1.96960,    0.19455
   0.07010,    1.96960,    0.19455
   0.07015,    1.96960,    0.14922
   0.07020,    1.96960,    0.10389
   0.07025,    1.96960,    0.10389
   0.07030,    1.96960,    0.05856
   0.07035,    1.96960,    0.05856
   0.07040,    1.96960,    0.01324
   0.07045,    1.96960,    0.01324
   0.07050,    1.96960,    0.01324
   0.07055,    1.96960,   -0.03209
   0.07060,    1.96960,   -0.03209
   0.07065,    1.96960,   -0.07742
   0.07070,    1.96960,   -0.07742
   0.07075,    1.96960,   -0.12275
   0.07080,    1.96960,   -0.16808
   0.07085,    1.96960,   -0.16808
   0.07090,    1.96960,   -0.16808
   0.07095,    1.96960,   -0.16808
   0.07100,    1.96960,   -0.21341
   0.07105,    1.96960,   -0.25874
   0.07110,    1.96960,   -0.25874
   0.07115,    1.96960,   -0.30407
   0.07120,    1.96960,   -0.30407
   0.07125,    1.96960,   -0.34939
   0.07130,    1.96960,   -0.34939
   0.07135,    2.01412,   -0.34939
   0.07140,    1.96960,   -0.34939
   0.07145,    1.96960,   -0.44005
   0.07150,    1.96960,   -0.44005
   0.07155,    2.01412,   -0.48538
   0.07160,    1.96960,   -0.48538
   0.07165,    1.96960,   -0.53071
   0.07170,    2.01412,   -0.53071
   0.07175,    1.96960,   -0.53071
   0.07180,    1.96960,   -0.57604
   0.07185,    1.96960,   -0.57604
   0.07190,    1.96960,   -0.62137
   0.07195,    1.96960,   -0.66670
   0.07200,    1.96960,   -0.66670
   0.07205,    1.96960,   -0.71202
   0.07210,    2.01412,   -0.71202
   0.07215,    1.96960,   -0.71202
   0.07220,    1.96960,   -0.71202
   0.07225,    1.96960,   -0.75735
   0.07230,    2.01412,   -0.80268
   0.07235,    1.96960,   -0.80268
   0.07240,    1.96960,   -0.80268
   0.07245,    1.96960,   -0.84801
   0.07250,    1.96960,   -0.84801
   0.07255,    1.96960,   -0.89334
   0.07260,    1.96960,   -0.89334
   0.07265,    1.96960,   -0.89334
   0.07270,    1.96960,   -0.93867
   0.07275,    1.96960,   -0.93867
   0.07280,    1.96960,   -0.93867
   0.07285,    1.96960,   -0.98400
   0.07290,    1.96960,   -1.02933
   0.07295,    1.96960,   -0.98400
   0.07300,    1.96960,   -1.02933
   0.07305,    1.96960,   -1.02933
   0.07310,    1.96960,   -1.07466
   0.07315,    1.96960,   -1.07466
   0.07320,    1.96960,   -1.07466
   0.07325,    1.96960,   -1.07466
   0.07330,    1.96960,   -1.11998
   0.07335,    1.96960,   -1.11998
   0.07340,    1.96960,   -1.11998
   0.07345,    0.01068,   -1.11998
   0.07350,    0.01068,   -1.16531
   0.07355,    0.01068,   -1.16531
   0.07360,    0.01068,   -1.16531
   0.07365,    0.01068,   -1.16531
   0.07370,    0.01068,   -1.21064
   0.07375,   -0.03384,   -1.25597
   0.07380,   -0.03384,   -1.25597
   0.07385,    0.01068,   -1.25597
   0.07390,    0.01068,   -1.25597
   0.07395,    0.01068,   -1.25597
   0.07400,    0.01068,   -1.25597
   0.07405,    0.01068,   -1.30130
   0.07410,    0.01068,   -1.25597
   0.07415,    0.01068,   -1.30130
   0.07420,    0.01068,   -1.30130
   0.07425,    0.01068,   -1.30130
   0.07430,   -0.03384,   -1.34663
   0.07435,    0.01068,   -1.34663
   0.07440,    0.01068,   -1.34663
   0.07445,    0.01068,   -1.34663
   0.07450,    0.01068,   -1.34663
   0.07455,    0.01068,   -1.34663
   0.07460,   -0.03384,   -1.34663
   0.07465,    0.01068,   -1.34663
   0.07470,    0.01068,   -1.39196
   0.07475,    0.01068,   -1.39196
   0.07480,    0.01068,   -1.39196
   0.07485,    0.01068,   -1.39196
   0.07490,    0.01068,   -1.39196
   0.07495,    0.01068,   -1.39196
   0.07500,    0.01068,   -1.34663
   0.07505,    0.01068,   -1.43729
   0.07510,    0.01068,   -1.39196
   0.07515,   -0.03384,   -1.39196
   0.07520,   -0.03384,   -1.43729
   0.07525,    0.01068,   -1.39196
   0.07530,    0.01068,   -1.43729
   0.07535,    0.01068,   -1.39196
   0.07540,    0.01068,   -1.43729
   0.07545,    0.01068,   -1.39196
   0.07550,    0.01068,   -1.43729
   0.07555,    0.01068,   -1.39196
   0.07560,    0.01068,   -1.43729
   0.07565,    0.01068,   -1.39196
   0.07570,    0.01068,   -1.43729
   0.07575,    0.01068,   -1.43729
   0.07580,    0.01068,   -1.39196
   0.07585,    0.01068,   -1.39196
   0.07590,    0.01068,   -1.39196
   0.07595,    0.01068,   -1.39196
   0.07600,    0.01068,   -1.39196
   0.07605,    0.01068,   -1.39196
   0.07610,    0.01068,   -1.39196
   0.07615,    0.01068,   -1.39196
   0.07620,   -0.03384,   -1.34663
   0.07625,   -0.03384,   -1.39196
   0.07630,   -0.03384,   -1.34663
   0.07635,    0.01068,   -1.34663
   0.07640,    0.01068,   -1.34663
   0.07645,    0.01068,   -1.34663
   0.07650,    0.01068,   -1.34663
   0.07655,    0.01068,   -1.34663
   0.07660,    0.01068,   -1.34663
   0.07665,    0.01068,   -1.30130
   0.07670,    0.01068,   -1.34663
   0.07675,    0.01068,   -1.30130
   0.07680,    0.01068,   -1.30130
   0.07685,    0.01068,   -1.30130
   0.07690,    0.01068,   -1.25597
   0.07695,    0.01068,   -1.25597
   0.07700,   -0.03384,   -1.25597
   0.07705,    0.01068,   -1.25597
   0.07710,    0.01068,   -1.21064
   0.07715,    0.01068,   -1.25597
   0.07720,    0.01068,   -1.21064
   0.07725,    0.01068,   -1.21064
   0.07730,    0.01068,   -1.16531
   0.07735,    0.01068,   -1.16531
   0.07740,    0.01068,   -1.16531
   0.07745,    0.01068,   -1.16531
   0.07750,   -0.03384,   -1.11998
   0.07755,    0.01068,   -1.11998
   0.07760,    0.01068,   -1.07466
   0.07765,    0.01068,   -1.07466
   0.07770,   -0.03384,   -1.07466
   0.07775,    0.01068,   -1.07466
   0.07780,    0.01068,   -1.07466
   0.07785,   -0.03384,   -1.07466
   0.07790,    0.01068,   -1.02933
   0.07795,    0.01068,   -1.02933
   0.07800,    0.01068,   -1.02933
   0.07805,    0.01068,   -0.98400
   0.07810,    0.01068,   -0.98400
   0.07815,   -0.03384,   -0.93867
   0.07820,    0.01068,   -0.93867
   0.07825,   -0.03384,   -0.89334
   0.07830,    0.01068,   -0.89334
   0.07835,    0.01068,   -0.89334
   0.07840,    0.01068,   -0.89334
   0.07845,    0.01068,   -0.84801
   0.07850,    0.01068,   -0.80268
   0.07855,    0.01068,   -0.80268
   0.07860,    0.01068,   -0.80268
   0.07865,    0.01068,   -0.80268
   0.07870,    0.01068,   -0.75735
   0.07875,    0.01068,   -0.75735
   0.07880,    0.01068,   -0.71202
   0.07885,    0.01068,   -0.71202
   0.07890,    0.01068,   -0.71202
   0.07895,    0.01068,   -0.66670
   0.07900,    0.01068,   -0.66670
   0.07905,   -0.03384,   -0.62137
   0.07910,    0.01068,   -0.57604
   0.07915,    0.01068,   -0.57604
   0.07920,    0.01068,   -0.53071
   0.07925,    0.01068,   -0.48538
   0.07930,    0.01068,   -0.48538
   0.07935,    0.01068,   -0.53071
   0.07940,    0.01068,   -0.48538
   0.07945,    0.01068,   -0.44005
   0.07950,    0.01068,   -0.44005
   0.07955,    0.01068,   -0.39472
   0.07960,    0.01068,   -0.34939
   0.07965,    0.01068,   -0.34939
   0.07970,   -0.03384,   -0.34939
   0.07975,    0.01068,   -0.30407
   0.07980,    0.01068,   -0.30407
   0.07985,    0.01068,   -0.25874
   0.07990,    0.01068,   -0.25874
   0.07995,    0.01068,   -0.21341
   0.08000,    0.01068,   -0.21341
   0.08005,    0.01068,   -0.16808
   0.08010,    0.01068,   -0.16808
   0.08015,    0.01068,   -0.16808
   0.08020,   -0.03384,   -0.12275
   0.08025,    0.01068,   -0.12275
   0.08030,   -0.03384,   -0.07742
   0.08035,    0.01068,   -0.03209
   0.08040,    0.01068,   -0.03209
   0.08045,    0.01068,    0.01324
   0.08050,    0.01068,    0.01324
   0.08055,   -0.03384,    0.01324
   0.08060,    0.01068,    0.05856
   0.08065,    0.01068,    0.05856
   0.08070,    0.01068,    0.10389
   0.08075,    0.01068,    0.10389
   0.08080,    0.01068,    0.14922
   0.08085,    0.01068,    0.14922
   0.08090,    0.01068,    0.19455
   0.08095,    0.01068,    0.19455
   0.08100,    0.01068,    0.19455
   0.08105,   -0.03384,    0.23988
   0.08110,    0.01068,    0.28521
   0.08115,    0.01068,    0.28521
   0.08120,   -0.03384,    0.28521
   0.08125,    0.01068,    0.37587
   0.08130,    0.01068,    0.37587
   0.08135,    0.01068,    0.37587
   0.08140,    0.01068,    0.37587
   0.08145,    0.01068,    0.42120
   0.08150,    0.01068,    0.46652
   0.08155,    0.01068,    0.46652
   0.08160,    0.01068,    0.51185
   0.08165,    0.01068,    0.51185
   0.08170,   -0.03384,    0.55718
   0.08175,    0.01068,    0.55718
   0.08180,    1.96960,    0.55718
   0.08185,    1.96960,    0.60251
   0.08190,    1.96960,    0.64784
   0.08195,    1.96960,    0.64784
   0.08200,    1.96960,    0.64784
   0.08205,    1.96960,    0.69317
   0.08210,    1.96960,    0.73850
   0.08215,    1.96960,    0.73850
   0.08220,    1.96960,    0.73850
   0.08225,    1.96960,    0.73850
   0.08230,    1.96960,    0.73850
   0.08235,    1.96960,    0.73850
   0.08240,    1.96960,    0.78383
   0.08245,    2.01412,    0.82915
   0.08250,    1.96960,    0.82915
   0.08255,    1.96960,    0.82915
   0.08260,    1.96960,    0.87448
   0.08265,    1.96960,    0.87448
   0.08270,    1.96960,    0.91981
   0.08275,    1.96960,    0.91981
   0.08280,    1.96960,    0.91981
   0.08285,    1.96960,    0.91981
   0.08290,    1.96960,    0.96514
   0.08295,    1.96960,    0.96514
   0.08300,    1.96960,    1.01047
   0.08305,    1.96960,    1.01047
   0.08310,    1.96960,    1.01047
   0.08315,    1.96960,    1.05580
   0.08320,    1.96960,    1.10113
   0.08325,    1.96960,    1.10113
   0.08330,    1.96960,    1.10113
   0.08335,    1.96960,    1.10113
   0.08340,    2.01412,    1.10113
   0.08345,    1.96960,    1.10113
   0.08350,    1.96960,    1.14646
   0.08355,    1.96960,    1.14646
   0.08360,    1.96960,    1.19178
   0.08365,    1.96960,    1.19178
   0.08370,    1.96960,    1.19178
   0.08375,    1.96960,    1.19178
   0.08380,    1.96960,    1.19178
   0.08385,    1.96960,    1.23711
   0.08390,    1.96960,    1.23711
   0.08395,    1.96960,    1.23711
   0.08400,    1.96960,    1.28244
   0.08405,    1.96960,    1.28244
   0.08410,    1.96960,    1.28244
   0.08415,    1.96960,    1.28244
   0.08420,    2.01412,    1.32777
   0.08425,    2.01412,    1.28244
   0.08430,    1.96960,    1.32777
   0.08435,    1.96960,    1.32777
   0.08440,    1.96960,    1.32777
   0.08445,    1.96960,    1.32777
   0.08450,    1.96960,    1.37310
   0.08455,    1.96960,    1.37310
   0.08460,    1.96960,    1.37310
   0.08465,    1.96960,    1.37310
   0.08470,    1.96960,    1.37310
   0.08475,    1.96960,    1.37310
   0.08480,    1.96960,    1.37310
   0.08485,    1.96960,    1.37310
   0.08490,    1.96960,    1.37310
   0.08495,    1.96960,    1.37310
   0.08500,    1.96960,    1.41843
   0.08505,    1.96960,    1.41843
   0.08510,    1.96960,    1.41843
   0.08515,    1.96960,    1.41843
   0.08520,    1.96960,    1.41843
   0.08525,    1.96960,    1.41843
   0.08530,    1.96960,    1.41843
   0.08535,    1.96960,    1.41843
   0.08540,    1.96960,    1.41843
   0.08545,    1.96960,    1.41843
   0.08550,    1.96960,    1.46376
   0.08555,    1.96960,    1.46376
   0.08560,    1.96960,    1.46376
   0.08565,    1.96960,    1.41843
   0.08570,    1.96960,    1.41843
   0.08575,    1.96960,    1.41843
   0.08580,    1.96960,    1.41843
   0.08585,    1.96960,    1.41843
   0.08590,    1.96960,    1.41843
   0.08595,    1.96960,    1.41843
   0.08600,    1.96960,    1.41843
   0.08605,    1.96960,    1.41843
   0.08610,    1.96960,    1.41843
   0.08615,    1.96960,    1.37310
   0.08620,    1.96960,    1.37310
   0.08625,    1.96960,    1.37310
   0.08630,    1.96960,    1.37310
   0.08635,    1.96960,    1.37310
   0.08640,    1.96960,    1.37310
   0.08645,    1.96960,    1.37310
   0.08650,    1.96960,    1.37310
   0.08655,    1.96960,    1.37310
   0.08660,    1.96960,    1.32777
   0.08665,    1.96960,    1.32777
   0.08670,    1.96960,    1.32777
   0.08675,    1.92508,    1.32777
   0.08680,    1.96960,    1.32777
   0.08685,    1.96960,    1.28244
   0.08690,    1.96960,    1.28244
   0.08695,    1.96960,    1.28244
   0.08700,    1.96960,    1.28244
   0.08705,    1.96960,    1.28244
   0.08710,    1.96960,    1.28244
   0.08715,    1.96960,    1.28244
   0.08720,    1.96960,    1.23711
   0.08725,    1.96960,    1.23711
   0.08730,    1.96960,    1.19178
   0.08735,    1.96960,    1.19178
   0.08740,    1.96960,    1.19178
   0.08745,    1.96960,    1.14646
   0.08750,    1.96960,    1.19178
   0.08755,    1.96960,    1.14646
   0.08760,    1.96960,    1.14646
   0.08765,    1.96960,    1.14646
   0.08770,    1.96960,    1.10113
   0.08775,    1.96960,    1.10113
   0.08780,    1.96960,    1.10113
   0.08785,    1.96960,    1.10113
   0.08790,    1.96960,    1.05580
   0.08795,    1.96960,    1.05580
   0.08800,    1.96960,    1.01047
   0.08805,    1.96960,    1.01047
   0.08810,    1.96960,    1.01047
   0.08815,    1.96960,    0.96514
   0.08820,    1.96960,    0.96514
   0.08825,    1.96960,    0.91981
   0.08830,    1.96960,    0.91981
   0.08835,    1.96960,    0.91981
   0.08840,    1.96960,    0.91981
   0.08845,    1.96960,    0.87448
   0.08850,    1.96960,    0.87448
   0.08855,    1.96960,    0.82915
   0.08860,    1.96960,    0.82915
   0.08865,    2.01412,    0.82915
   0.08870,    1.96960,    0.78383
   0.08875,    1.96960,    0.78383
   0.08880,    1.96960,    0.73850
   0.08885,    1.96960,    0.73850
   0.08890,    1.96960,    0.73850
   0.08895,    1.96960,    0.73850
   0.08900,    1.96960,    0.69317
   0.08905,    1.96960,    0.64784
   0.08910,    1.96960,    0.64784
   0.08915,    1.96960,    0.64784
   0.08920,    1.96960,    0.60251
   0.08925,    1.96960,    0.55718
   0.08930,    1.96960,    0.55718
   0.08935,    1.96960,    0.55718
   0.08940,    1.96960,    0.55718
   0.08945,    1.96960,    0.51185
   0.08950,    1.96960,    0.46652
   0.08955,    1.96960,    0.46652
   0.08960,    1.96960,    0.42120
   0.08965,    1.96960,    0.42120
   0.08970,    1.92508,    0.37587
   0.08975,    1.96960,    0.37587
   0.08980,    1.96960,    0.37587
   0.08985,    1.96960,    0.33054
   0.08990,    1.96960,    0.28521
   0.08995,    1.96960,    0.28521
   0.09000,    1.96960,    0.23988
   0.09005,    1.96960,    0.19455
   0.09010,   -0.03384,    0.19455
   0.09015,    0.01068,    0.19455
   0.09020,    0.01068,    0.14922
   0.09025,   -0.03384,    0.14922
   0.09030,    0.01068,    0.10389
   0.09035,    0.01068,    0.10389
   0.09040,   -0.03384,    0.05856
   0.09045,    0.01068,    0.05856
   0.09050,    0.01068,    0.01324
   0.09055,    0.01068,    0.01324
   0.09060,    0.01068,    0.01324
   0.09065,    0.01068,   -0.03209
   0.09070,    0.01068,   -0.03209
   0.09075,   -0.03384,   -0.07742
   0.09080,    0.01068,   -0.07742
   0.09085,    0.01068,   -0.12275
   0.09090,    0.01068,   -0.12275
   0.09095,    0.01068,   -0.12275
   0.09100,    0.01068,   -0.16808
   0.09105,   -0.03384,   -0.16808
   0.09110,    0.01068,   -0.21341
   0.09115,    0.01068,   -0.25874
   0.09120,    0.01068,   -0.25874
   0.09125,    0.01068,   -0.30407
   0.09130,    0.01068,   -0.30407
   0.09135,   -0.03384,   -0.34939
   0.09140,    0.01068,   -0.34939
   0.09145,    0.01068,   -0.39472
   0.09150,    0.01068,   -0.39472
   0.09155,    0.01068,   -0.44005
   0.09160,    0.01068,   -0.44005
   0.09165,    0.01068,   -0.48538
   0.09170,   -0.03384,   -0.48538
   0.09175,    0.01068,   -0.53071
   0.09180,    0.01068,   -0.53071
   0.09185,    0.01068,   -0.53071
   0.09190,    0.01068,   -0.53071
   0.09195,    0.01068,   -0.62137
   0.09200,    0.01068,   -0.62137
   0.09205,    0.01068,   -0.66670
   0.09210,    0.01068,   -0.66670
   0.09215,    0.01068,   -0.71202
   0.09220,    0.01068,   -0.71202
   0.09225,    0.01068,   -0.71202
   0.09230,   -0.03384,   -0.71202
   0.09235,    0.01068,   -0.75735
   0.09240,    0.01068,   -0.75735
   0.09245,    0.01068,   -0.80268
   0.09250,    0.01068,   -0.84801
   0.09255,    0.01068,   -0.84801
   0.09260,    0.01068,   -0.89334
   0.09265,    0.01068,   -0.89334
   0.09270,    0.01068,   -0.89334
   0.09275,    0.01068,   -0.89334
   0.09280,    0.01068,   -0.93867
   0.09285,   -0.03384,   -0.93867
   0.09290,    0.01068,   -0.98400
   0.09295,    0.01068,   -0.98400
   0.09300,    0.01068,   -0.98400
   0.09305,    0.01068,   -1.02933
   0.09310,    0.01068,   -1.02933
   0.09315,   -0.03384,   -1.02933
   0.09320,    0.01068,   -1.07466
   0.09325,    0.01068,   -1.07466
   0.09330,    0.01068,   -1.07466
   0.09335,    0.01068,   -1.07466
   0.09340,    0.01068,   -1.07466
   0.09345,    0.01068,   -1.11998
   0.09350,   -0.03384,   -1.16531
   0.09355,    0.01068,   -1.16531
   0.09360,   -0.03384,   -1.16531
   0.09365,    0.01068,   -1.16531
   0.09370,    0.01068,   -1.16531
   0.09375,    0.01068,   -1.21064
   0.09380,    0.01068,   -1.21064
   0.09385,    0.01068,   -1.21064
   0.09390,    0.01068,   -1.25597
   0.09395,    0.01068,   -1.21064
   0.09400,    0.01068,   -1.25597
   0.09405,    0.01068,   -1.25597
   0.09410,   -0.03384,   -1.25597
   0.09415,    0.01068,   -1.25597
   0.09420,    0.01068,   -1.30130
   0.09425,    0.01068,   -1.30130
   0.09430,    0.01068,   -1.30130
   0.09435,    0.01068,   -1.30130
   0.09440,    0.01068,   -1.34663
   0.09445,    0.01068,   -1.34663
   0.09450,    0.01068,   -1.34663
   0.09455,    0.01068,   -1.34663
   0.09460,   -0.03384,   -1.34663
   0.09465,    0.01068,   -1.34663
   0.09470,    0.01068,   -1.34663
   0.09475,    0.01068,   -1.39196
   0.09480,    0.01068,   -1.39196
   0.09485,    0.01068,   -1.39196
   0.09490,    0.01068,   -1.39196
   0.09495,    0.01068,   -1.39196
   0.09500,   -0.03384,   -1.39196
   0.09505,   -0.03384,   -1.39196
   0.09510,    0.01068,   -1.39196
   0.09515,    0.01068,   -1.39196
   0.09520,    0.01068,   -1.39196
   0.09525,    0.01068,   -1.39196
   0.09530,    0.01068,   -1.39196
   0.09535,    0.01068,   -1.43729
   0.09540,   -0.03384,   -1.43729
   0.09545,    0.01068,   -1.43729
   0.09550,    0.01068,   -1.43729
   0.09555,    0.01068,   -1.43729
   0.09560,    0.01068,   -1.39196
   0.09565,    0.01068,   -1.43729
   0.09570,    0.01068,   -1.43729
   0.09575,    0.01068,   -1.43729
   0.09580,    0.01068,   -1.39196
   0.09585,    0.01068,   -1.39196
   0.09590,    0.01068,   -1.43729
   0.09595,    0.01068,   -1.39196
   0.09600,    0.01068,   -1.39196
   0.09605,    0.01068,   -1.43729
   0.09610,    0.01068,   -1.39196
   0.09615,   -0.03384,   -1.34663
   0.09620,    0.01068,   -1.39196
   0.09625,    0.01068,   -1.39196
   0.09630,   -0.03384,   -1.39196
   0.09635,    0.01068,   -1.34663
   0.09640,    0.01068,   -1.39196
   0.09645,   -0.03384,   -1.34663
   0.09650,    0.01068,   -1.34663
   0.09655,    0.01068,   -1.34663
   0.09660,   -0.03384,   -1.34663
   0.09665,    0.01068,   -1.34663
   0.09670,    0.01068,   -1.34663
   0.09675,    0.01068,   -1.34663
   0.09680,   -0.03384,   -1.30130
   0.09685,    0.01068,   -1.30130
   0.09690,    0.01068,   -1.30130
   0.09695,   -0.03384,   -1.25597
   0.09700,    0.01068,   -1.25597
   0.09705,    0.01068,   -1.25597
   0.09710,    0.01068,   -1.25597
   0.09715,    0.01068,   -1.25597
   0.09720,    0.01068,   -1.21064
   0.09725,    0.01068,   -1.25597
   0.09730,    0.01068,   -1.21064
   0.09735,    0.01068,   -1.21064
   0.09740,   -0.03384,   -1.21064
   0.09745,   -0.03384,   -1.16531
   0.09750,   -0.03384,   -1.16531
   0.09755,    0.01068,   -1.16531
   0.09760,    0.01068,   -1.16531
   0.09765,    0.01068,   -1.11998
   0.09770,    0.01068,   -1.07466
   0.09775,    0.01068,   -1.07466
   0.09780,    0.01068,   -1.07466
   0.09785,    0.01068,   -1.07466
   0.09790,   -0.03384,   -1.07466
   0.09795,    0.01068,   -1.02933
   0.09800,    0.01068,   -1.02933
   0.09805,    0.01068,   -1.02933
   0.09810,    0.01068,   -0.98400
   0.09815,    0.01068,   -0.98400
   0.09820,    0.01068,   -0.93867
   0.09825,    0.01068,   -0.93867
   0.09830,    0.01068,   -0.93867
   0.09835,    0.01068,   -0.89334
   0.09840,    0.01068,   -0.89334
   0.09845,    1.96960,   -0.89334
   0.09850,    1.96960,   -0.89334
   0.09855,    1.96960,   -0.84801
   0.09860,    1.96960,   -0.84801
   0.09865,    2.01412,   -0.80268
   0.09870,    1.96960,   -0.80268
   0.09875,    1.96960,   -0.80268
   0.09880,    1.96960,   -0.75735
   0.09885,    1.96960,   -0.71202
   0.09890,    1.96960,   -0.71202
   0.09895,    1.96960,   -0.71202
   0.09900,    1.96960,   -0.71202
   0.09905,    1.96960,   -0.66670
   0.09910,    1.96960,   -0.62137
   0.09915,    1.96960,   -0.62137
   0.09920,    1.96960,   -0.62137
   0.09925,    1.96960,   -0.57604
   0.09930,    1.96960,   -0.53071
   0.09935,    1.96960,   -0.53071
   0.09940,    1.96960,   -0.48538
   0.09945,    1.96960,   -0.48538
   0.09950,    1.96960,   -0.44005
   0.09955,    1.96960,   -0.44005
   0.09960,    1.96960,   -0.44005
   0.09965,    1.96960,   -0.39472
   0.09970,    1.96960,   -0.39472
   0.09975,    1.96960,   -0.34939
   0.09980,    1.96960,   -0.34939
   0.09985,    1.96960,   -0.34939
   0.09990,    1.96960,   -0.30407
   0.09995,    1.96960,   -0.25874
   0.10000,    1.96960,   -0.25874
